#script,url,tags,sRunStatus,sSite,sReportName,sSubReport,sDatafileName10
Customreports_Baseline.sah,http://sahitest.com/demo/,"Baseline_All,Baseline_Custom-reports",Y,Georgetown Business,Job Posting,Internship job postings,Auto_Data_CustomReports_1
Customreports_Baseline.sah,http://sahitest.com/demo/,"Baseline_All,Baseline_Custom-reports",Y,Georgetown Business,Job Posting,Full-time jobs,Auto_Data_CustomReports_2
Customreports_Baseline.sah,http://sahitest.com/demo/,"Baseline_All,Baseline_Custom-reports",Y,Georgetown Business,Outcome,Summer 2016 DC Internships,Auto_Data_CustomReports_3
Customreports_Baseline.sah,http://sahitest.com/demo/,"Baseline_All,Baseline_Custom-reports",Y,Georgetown Business,Appointment Report for Students,All Coaching Appointments (by Student),Auto_Data_CustomReports_4
Customreports_Baseline.sah,http://sahitest.com/demo/,"Baseline_All,Baseline_Custom-reports",Y,Georgetown Business,Outcome,M16 Non Seekers & No Infos,Auto_Data_CustomReports_5
Customreports_Baseline.sah,http://sahitest.com/demo/,"Baseline_All,Baseline_Custom-reports",Y,Georgetown Business,Outcome,Summer 2016 Non-Seekers & No Infos (Internships),Auto_Data_CustomReports_6
Customreports_Baseline.sah,http://sahitest.com/demo/,"Baseline_All,Baseline_Custom-reports",Y,Georgetown Business,Outcome,EP Incoming Employers,Auto_Data_CustomReports_7
Customreports_Baseline.sah,http://sahitest.com/demo/,"Baseline_All,Baseline_Custom-reports",Y,Georgetown Business,Outcome,FT Student Previous Employers,Auto_Data_CustomReports_8
Customreports_Baseline.sah,http://sahitest.com/demo/,"Baseline_All,Baseline_Custom-reports",Y,Georgetown Business,Outcome,M16 Outcome Report,Auto_Data_CustomReports_9
Customreports_Baseline.sah,http://sahitest.com/demo/,"Baseline_All,Baseline_Custom-reports",Y,Georgetown Business,Job Posting,OCI,Auto_Data_CustomReports_10
Customreports_Baseline.sah,http://sahitest.com/demo/,"Baseline_All,Baseline_Custom-reports",Y,Georgetown Business,Student,MCV Profile Completion Report - test,Auto_Data_CustomReports_11
Customreports_Baseline.sah,http://sahitest.com/demo/,"Baseline_All,Baseline_Custom-reports",Y,Georgetown Business,Outcome,Job Offer Locations and Companies,Auto_Data_CustomReports_12
Customreports_Baseline.sah,http://sahitest.com/demo/,"Baseline_All,Baseline_Custom-reports",Y,Georgetown Business,Outcome,M17 Outcomes,Auto_Data_CustomReports_13
Customreports_Baseline.sah,http://sahitest.com/demo/,"Baseline_All,Baseline_Custom-reports",Y,Georgetown Business,Company,Employers by Industry,Auto_Data_CustomReports_14
Customreports_Baseline.sah,http://sahitest.com/demo/,"Baseline_All,Baseline_Custom-reports",Y,Georgetown Business,Event,Events Report,Auto_Data_CustomReports_15
Customreports_Baseline.sah,http://sahitest.com/demo/,"Baseline_All,Baseline_Custom-reports",Y,Georgetown Business,Outcome,M16 Graduation,Auto_Data_CustomReports_16
Customreports_Baseline.sah,http://sahitest.com/demo/,"Baseline_All,Baseline_Custom-reports",Y,Georgetown Business,Job Posting,OCI,Auto_Data_CustomReports_17
Customreports_Baseline.sah,http://sahitest.com/demo/,"Baseline_All,Baseline_Custom-reports",Y,Georgetown Business,Job Posting,Career Center Account Manager for Job posting,Auto_Data_CustomReports_18
Customreports_Baseline.sah,http://sahitest.com/demo/,"Baseline_All,Baseline_Custom-reports",Y,Georgetown Business,Event,Publish Date,Auto_Data_CustomReports_19
Customreports_Baseline.sah,http://sahitest.com/demo/,"Baseline_All,Baseline_Custom-reports",Y,Georgetown Business,Job Posting,Application Begins On - Application Deadline,Auto_Data_CustomReports_20
Customreports_Baseline.sah,http://sahitest.com/demo/,"Baseline_All,Baseline_Custom-reports",Y,Georgetown Business,Job Posting,Approved Date,Auto_Data_CustomReports_21
Customreports_Baseline.sah,http://sahitest.com/demo/,"Baseline_All,Baseline_Custom-reports",Y,Georgetown Business,Job Posting,Employer Decision Deadline - Decision Start,Auto_Data_CustomReports_22
Customreports_Baseline.sah,http://sahitest.com/demo/,"Baseline_All,Baseline_Custom-reports",Y,Georgetown Business,Event,# of Attendees Permitted,Auto_Data_CustomReports_23
Customreports_Baseline.sah,http://sahitest.com/demo/,"Baseline_All,Baseline_Custom-reports",Y,Georgetown Business,Job Posting,Submit Date,Auto_Data_CustomReports_24
Customreports_Baseline.sah,http://sahitest.com/demo/,"Baseline_All,Baseline_Custom-reports",Y,Georgetown Business,Event,Created On,Auto_Data_CustomReports_25
Customreports_Baseline.sah,http://sahitest.com/demo/,"Baseline_All,Baseline_Custom-reports",Y,Georgetown Business,Event,Employer Name,Auto_Data_CustomReports_26
Customreports_Baseline.sah,http://sahitest.com/demo/,"Baseline_All,Baseline_Custom-reports",Y,Georgetown Business,Event,Industry,Auto_Data_CustomReports_27
Customreports_Baseline.sah,http://sahitest.com/demo/,"Baseline_All,Baseline_Custom-reports",Y,Georgetown Business,Event,Dress Attire,Auto_Data_CustomReports_28
Customreports_Baseline.sah,http://sahitest.com/demo/,"Baseline_All,Baseline_Custom-reports",Y,Georgetown Business,Job Posting,Apply via This Site,Auto_Data_CustomReports_29
Customreports_Baseline.sah,http://sahitest.com/demo/,"Baseline_All,Baseline_Custom-reports",Y,Georgetown Business,Job Posting,Interview Date,Auto_Data_CustomReports_30
Customreports_Baseline.sah,http://sahitest.com/demo/,"Baseline_All,Baseline_Custom-reports",Y,Georgetown Business,Job Posting,OCI or Job Listings,Auto_Data_CustomReports_31
Customreports_Baseline.sah,http://sahitest.com/demo/,"Baseline_All,Baseline_Custom-reports",Y,Georgetown Business,Job Posting,Rotating Schedule,Auto_Data_CustomReports_32
Customreports_Baseline.sah,http://sahitest.com/demo/,"Baseline_All,Baseline_Custom-reports",Y,Georgetown Business,Job Posting,Employer,Auto_Data_CustomReports_33
Customreports_Baseline.sah,http://sahitest.com/demo/,"Baseline_All,Baseline_Custom-reports",Y,Georgetown Business,Event,Student Group is Full-Time Job Candidates,Auto_Data_CustomReports_34
Customreports_Baseline.sah,http://sahitest.com/demo/,"Baseline_All,Baseline_Custom-reports",Y,Georgetown Business,Event,Student Group is Internship Candidates,Auto_Data_CustomReports_35
Customreports_Baseline.sah,http://sahitest.com/demo/,"Baseline_All,Baseline_Custom-reports",Y,Georgetown Business,Job Posting,External Job ID,Auto_Data_CustomReports_36
Customreports_Baseline.sah,http://sahitest.com/demo/,"Baseline_All,Baseline_Custom-reports",Y,Georgetown Business,Event,Student Group is 1st and 2nd year evening students,Auto_Data_CustomReports_37
Customreports_Baseline.sah,http://sahitest.com/demo/,"Baseline_All,Baseline_Custom-reports",Y,Georgetown Business,Event,Student Group is 1st and 2nd year evening students with Industry is Consulting,Auto_Data_CustomReports_38
Customreports_Baseline.sah,http://sahitest.com/demo/,"Baseline_All,Baseline_Custom-reports",Y,Georgetown Business,Event,Student Groups is All MBA Alumni,Auto_Data_CustomReports_39
Customreports_Baseline.sah,http://sahitest.com/demo/,"Baseline_All,Baseline_Custom-reports",Y,Georgetown Business,Event,All Current Students,Auto_Data_CustomReports_40
Customreports_Baseline.sah,http://sahitest.com/demo/,"Baseline_All,Baseline_Custom-reports",Y,Georgetown Business,Event,US Work Auth Requirement is Permanent,Auto_Data_CustomReports_41
Customreports_Baseline.sah,http://sahitest.com/demo/,"Baseline_All,Baseline_Custom-reports",Y,Georgetown Business,Job Posting,Hide Employer Name from Applicants,Auto_Data_CustomReports_42
Customreports_Baseline.sah,http://sahitest.com/demo/,"Baseline_All,Baseline_Custom-reports",Y,Georgetown Business,Event,US Work Auth Requirement is All,Auto_Data_CustomReports_43
Customreports_Baseline.sah,http://sahitest.com/demo/,"Baseline_All,Baseline_Custom-reports",Y,Georgetown Business,Event,# of Registrants,Auto_Data_CustomReports_44
Customreports_Baseline.sah,http://sahitest.com/demo/,"Baseline_All,Baseline_Custom-reports",Y,Georgetown Business,Event,# of Waitlist,Auto_Data_CustomReports_45
Customreports_Baseline.sah,http://sahitest.com/demo/,"Baseline_All,Baseline_Custom-reports",Y,Georgetown Business,Job Posting,Job Function,Auto_Data_CustomReports_46
Customreports_Baseline.sah,http://sahitest.com/demo/,"Baseline_All,Baseline_Custom-reports",Y,Georgetown Business,Event,US Work Auth Requirement is Other,Auto_Data_CustomReports_47
Customreports_Baseline.sah,http://sahitest.com/demo/,"Baseline_All,Baseline_Custom-reports",Y,Georgetown Business,Job Posting,Job Industry,Auto_Data_CustomReports_48
Customreports_Baseline.sah,http://sahitest.com/demo/,"Baseline_All,Baseline_Custom-reports",Y,Georgetown Business,Job Posting,Job Phase,Auto_Data_CustomReports_49
Customreports_Baseline.sah,http://sahitest.com/demo/,"Baseline_All,Baseline_Custom-reports",Y,Georgetown Business,Job Posting,Job Title,Auto_Data_CustomReports_50
Customreports_Baseline.sah,http://sahitest.com/demo/,"Baseline_All,Baseline_Custom-reports",Y,Georgetown Business,Event,Target Audience with Industry is Consumer Goods,Auto_Data_CustomReports_51
Customreports_Baseline.sah,http://sahitest.com/demo/,"Baseline_All,Baseline_Custom-reports",Y,Georgetown Business,Event,Target Audience with Industry is Financial Services,Auto_Data_CustomReports_52
Customreports_Baseline.sah,http://sahitest.com/demo/,"Baseline_All,Baseline_Custom-reports",Y,Georgetown Business,Job Posting,Preferred Interview Date,Auto_Data_CustomReports_53
Customreports_Baseline.sah,http://sahitest.com/demo/,"Baseline_All,Baseline_Custom-reports",Y,Georgetown Business,Event,Presenter with Industry is International Development,Auto_Data_CustomReports_54
Customreports_Baseline.sah,http://sahitest.com/demo/,"Baseline_All,Baseline_Custom-reports",Y,Georgetown Business,Event,Career Center Account Manager is Eric Young,Auto_Data_CustomReports_55
Customreports_Baseline.sah,http://sahitest.com/demo/,"Baseline_All,Baseline_Custom-reports",Y,Georgetown Business,Job Posting,Source of Job Posting,Auto_Data_CustomReports_56
Customreports_Baseline.sah,http://sahitest.com/demo/,"Baseline_All,Baseline_Custom-reports",Y,Georgetown Business,Job Posting,US Work Auth Requirement,Auto_Data_CustomReports_57
Customreports_Baseline.sah,http://sahitest.com/demo/,"Baseline_All,Baseline_Custom-reports",Y,Georgetown Business,Job Posting,Type of Job,Auto_Data_CustomReports_58
Customreports_Baseline.sah,http://sahitest.com/demo/,"Baseline_All,Baseline_Custom-reports",Y,Georgetown Business,Job Posting,OCI Contact Details,Auto_Data_CustomReports_59
Customreports_Baseline.sah,http://sahitest.com/demo/,"Baseline_All,Baseline_Custom-reports",Y,Georgetown Business,Event,Industry is Technology,Auto_Data_CustomReports_60
Customreports_Baseline.sah,http://sahitest.com/demo/,"Baseline_All,Baseline_Custom-reports",Y,Georgetown Business,Event,Industry is Government,Auto_Data_CustomReports_61
Customreports_Baseline.sah,http://sahitest.com/demo/,"Baseline_All,Baseline_Custom-reports",Y,Georgetown Business,Event,Industry is Education,Auto_Data_CustomReports_62
Customreports_Baseline.sah,http://sahitest.com/demo/,"Baseline_All,Baseline_Custom-reports",Y,Georgetown Business,Company,# of Employees,Auto_Data_CustomReports_63
Customreports_Baseline.sah,http://sahitest.com/demo/,"Baseline_All,Baseline_Custom-reports",Y,Georgetown Business,Job Posting,metrics,Auto_Data_CustomReports_64
Customreports_Baseline.sah,http://sahitest.com/demo/,"Baseline_All,Baseline_Custom-reports",Y,Georgetown Business,Job Posting,Job Posting Owner Email,Auto_Data_CustomReports_65
Customreports_Baseline.sah,http://sahitest.com/demo/,"Baseline_All,Baseline_Custom-reports",Y,Georgetown Business,Company,Account Coordinator,Auto_Data_CustomReports_66
Customreports_Baseline.sah,http://sahitest.com/demo/,"Baseline_All,Baseline_Custom-reports",Y,Georgetown Business,Company,Account Manager,Auto_Data_CustomReports_67
Customreports_Baseline.sah,http://sahitest.com/demo/,"Baseline_All,Baseline_Custom-reports",Y,Georgetown Business,Company,Company ID,Auto_Data_CustomReports_68
Customreports_Baseline.sah,http://sahitest.com/demo/,"Baseline_All,Baseline_Custom-reports",Y,Georgetown Business,Company,Industry,Auto_Data_CustomReports_69
Customreports_Baseline.sah,http://sahitest.com/demo/,"Baseline_All,Baseline_Custom-reports",Y,Georgetown Business,Appointment Report for Advisers,General Coaching Appointment,Auto_Data_CustomReports_70
Customreports_Baseline.sah,http://sahitest.com/demo/,"Baseline_All,Baseline_Custom-reports",Y,Georgetown Business,Appointment Report for Advisers,Total Hours Grad Year 2016,Auto_Data_CustomReports_71
Customreports_Baseline.sah,http://sahitest.com/demo/,"Baseline_All,Baseline_Custom-reports",Y,Georgetown Business,Company,Approved,Auto_Data_CustomReports_72
Customreports_Baseline.sah,http://sahitest.com/demo/,"Baseline_All,Baseline_Custom-reports",Y,Georgetown Business,Company,Company Name,Auto_Data_CustomReports_73
Customreports_Baseline.sah,http://sahitest.com/demo/,"Baseline_All,Baseline_Custom-reports",Y,Georgetown Business,Company,Outreach Priority,Auto_Data_CustomReports_74
Customreports_Baseline.sah,http://sahitest.com/demo/,"Baseline_All,Baseline_Custom-reports",Y,Georgetown Business,Appointment Report for Advisers,Career Clarification,Auto_Data_CustomReports_75
Customreports_Baseline.sah,http://sahitest.com/demo/,"Baseline_All,Baseline_Custom-reports",Y,Georgetown Business,Company,Website,Auto_Data_CustomReports_76
Customreports_Baseline.sah,http://sahitest.com/demo/,"Baseline_All,Baseline_Custom-reports",Y,Georgetown Business,Company,Industry-Hospitality,Auto_Data_CustomReports_77
Customreports_Baseline.sah,http://sahitest.com/demo/,"Baseline_All,Baseline_Custom-reports",Y,Georgetown Business,Appointment Report for Advisers,Mock Behavioral Interview,Auto_Data_CustomReports_78
Customreports_Baseline.sah,http://sahitest.com/demo/,"Baseline_All,Baseline_Custom-reports",Y,Georgetown Business,Appointment Report for Advisers,Total Appointments with gender is male,Auto_Data_CustomReports_79
Customreports_Baseline.sah,http://sahitest.com/demo/,"Baseline_All,Baseline_Custom-reports",Y,Georgetown Business,Company,Approved with Outreach Priority,Auto_Data_CustomReports_80
Customreports_Baseline.sah,http://sahitest.com/demo/,"Baseline_All,Baseline_Custom-reports",Y,Georgetown Business,Appointment Report for Advisers,Mock Case Interview,Auto_Data_CustomReports_81
Customreports_Baseline.sah,http://sahitest.com/demo/,"Baseline_All,Baseline_Custom-reports",Y,Georgetown Business,Appointment Report for Advisers,Total Appointments with gender is female,Auto_Data_CustomReports_82
Customreports_Baseline.sah,http://sahitest.com/demo/,"Baseline_All,Baseline_Custom-reports",Y,Georgetown Business,Company,Account Coordinator - Manager,Auto_Data_CustomReports_83
Customreports_Baseline.sah,http://sahitest.com/demo/,"Baseline_All,Baseline_Custom-reports",Y,Georgetown Business,Company,Website with coordinator,Auto_Data_CustomReports_84
Customreports_Baseline.sah,http://sahitest.com/demo/,"Baseline_All,Baseline_Custom-reports",Y,Georgetown Business,Company,Industry with Company ID,Auto_Data_CustomReports_85
Customreports_Baseline.sah,http://sahitest.com/demo/,"Baseline_All,Baseline_Custom-reports",Y,Georgetown Business,Company,# of Employees with Company ID,Auto_Data_CustomReports_86
Customreports_Baseline.sah,http://sahitest.com/demo/,"Baseline_All,Baseline_Custom-reports",Y,Georgetown Business,Company,Account Manager with ID,Auto_Data_CustomReports_87
Customreports_Baseline.sah,http://sahitest.com/demo/,"Baseline_All,Baseline_Custom-reports",Y,Georgetown Business,Appointment Report for Advisers,GMAT Score is 800,Auto_Data_CustomReports_88
Customreports_Baseline.sah,http://sahitest.com/demo/,"Baseline_All,Baseline_Custom-reports",Y,Georgetown Business,Appointment Report for Advisers,Desired Function is Consulting,Auto_Data_CustomReports_89
Customreports_Baseline.sah,http://sahitest.com/demo/,"Baseline_All,Baseline_Custom-reports",Y,Georgetown Business,Company,# of Employees with Account Manager,Auto_Data_CustomReports_90
Customreports_Baseline.sah,http://sahitest.com/demo/,"Baseline_All,Baseline_Custom-reports",Y,Georgetown Business,Company,Manager,Auto_Data_CustomReports_91
Customreports_Baseline.sah,http://sahitest.com/demo/,"Baseline_All,Baseline_Custom-reports",Y,Georgetown Business,Company,Approved Industry,Auto_Data_CustomReports_92
Customreports_Baseline.sah,http://sahitest.com/demo/,"Baseline_All,Baseline_Custom-reports",Y,Georgetown Business,Company,Approved Industry 3,Auto_Data_CustomReports_93
Customreports_Baseline.sah,http://sahitest.com/demo/,"Baseline_All,Baseline_Custom-reports",Y,Georgetown Business,Company,Not Approved Industry,Auto_Data_CustomReports_94
Customreports_Baseline.sah,http://sahitest.com/demo/,"Baseline_All,Baseline_Custom-reports",Y,Georgetown Business,Contact,Contact Info,Auto_Data_CustomReports_95
Customreports_Baseline.sah,http://sahitest.com/demo/,"Baseline_All,Baseline_Custom-reports",Y,Georgetown Business,Contact,Account Coordinator,Auto_Data_CustomReports_96
Customreports_Baseline.sah,http://sahitest.com/demo/,"Baseline_All,Baseline_Custom-reports",Y,Georgetown Business,Contact,Account Manager,Auto_Data_CustomReports_97
Customreports_Baseline.sah,http://sahitest.com/demo/,"Baseline_All,Baseline_Custom-reports",Y,Georgetown Business,Contact,Company ID,Auto_Data_CustomReports_98
Customreports_Baseline.sah,http://sahitest.com/demo/,"Baseline_All,Baseline_Custom-reports",Y,Georgetown Business,Contact,Industry,Auto_Data_CustomReports_99
Customreports_Baseline.sah,http://sahitest.com/demo/,"Baseline_All,Baseline_Custom-reports",Y,Georgetown Business,Contact,Outreach Priority,Auto_Data_CustomReports_100
Customreports_Baseline.sah,http://sahitest.com/demo/,"Baseline_All,Baseline_Custom-reports",Y,Georgetown Business,Contact,Employer Name,Auto_Data_CustomReports_101
Customreports_Baseline.sah,http://sahitest.com/demo/,"Baseline_All,Baseline_Custom-reports",Y,Georgetown Business,Contact,Is Alumni,Auto_Data_CustomReports_102
Customreports_Baseline.sah,http://sahitest.com/demo/,"Baseline_All,Baseline_Custom-reports",Y,Georgetown Business,Contact,Job Title,Auto_Data_CustomReports_103
Customreports_Baseline.sah,http://sahitest.com/demo/,"Baseline_All,Baseline_Custom-reports",Y,Georgetown Business,Contact,Info,Auto_Data_CustomReports_104
Customreports_Baseline.sah,http://sahitest.com/demo/,"Baseline_All,Baseline_Custom-reports",Y,Georgetown Business,Contact,City,Auto_Data_CustomReports_105
Customreports_Baseline.sah,http://sahitest.com/demo/,"Baseline_All,Baseline_Custom-reports",Y,Georgetown Business,Contact,Location,Auto_Data_CustomReports_106
Customreports_Baseline.sah,http://sahitest.com/demo/,"Baseline_All,Baseline_Custom-reports",Y,Georgetown Business,Contact,Address,Auto_Data_CustomReports_107
Customreports_Baseline.sah,http://sahitest.com/demo/,"Baseline_All,Baseline_Custom-reports",Y,Georgetown Business,Contact,Address,Auto_Data_CustomReports_108
Customreports_Baseline.sah,http://sahitest.com/demo/,"Baseline_All,Baseline_Custom-reports",Y,Georgetown Business,Contact,Alternate Email,Auto_Data_CustomReports_109
Customreports_Baseline.sah,http://sahitest.com/demo/,"Baseline_All,Baseline_Custom-reports",Y,Georgetown Business,Contact,Cell,Auto_Data_CustomReports_110
Customreports_Baseline.sah,http://sahitest.com/demo/,"Baseline_All,Baseline_Custom-reports",Y,Georgetown Business,Contact,Alumni Graduation Year,Auto_Data_CustomReports_111
Customreports_Baseline.sah,http://sahitest.com/demo/,"Baseline_All,Baseline_Custom-reports",Y,Georgetown Business,Contact,Additional Information,Auto_Data_CustomReports_112
Customreports_Baseline.sah,http://sahitest.com/demo/,"Baseline_All,Baseline_Custom-reports",Y,Georgetown Business,Appointment Report for Advisers,Activity Stream is Students with Note,Auto_Data_CustomReports_113
Customreports_Baseline.sah,http://sahitest.com/demo/,"Baseline_All,Baseline_Custom-reports",Y,Georgetown Business,Appointment Report for Advisers,MBA CSEA Reporting Category-Internship-Seeking Employment,Auto_Data_CustomReports_114
Customreports_Baseline.sah,http://sahitest.com/demo/,"Baseline_All,Baseline_Custom-reports",Y,Georgetown Business,Appointment Report for Advisers,MBA CSEA Reporting Category-Internship- company sponsored already employed,Auto_Data_CustomReports_115
Customreports_Baseline.sah,http://sahitest.com/demo/,"Baseline_All,Baseline_Custom-reports",Y,Georgetown Business,Appointment Report for Advisers,US Work Authorization is IM Immigrant,Auto_Data_CustomReports_116
Customreports_Baseline.sah,http://sahitest.com/demo/,"Baseline_All,Baseline_Custom-reports",Y,Georgetown Business,Appointment Report for Advisers,MBA CSEA Reporting Category-Internship is Continuing Education,Auto_Data_CustomReports_117
Customreports_Baseline.sah,http://sahitest.com/demo/,"Baseline_All,Baseline_Custom-reports",Y,Georgetown Business,Appointment Report for Advisers,MBA CSEA Reporting Category-Internship is Postponing Job Search,Auto_Data_CustomReports_118
Customreports_Baseline.sah,http://sahitest.com/demo/,"Baseline_All,Baseline_Custom-reports",Y,Georgetown Business,Appointment Report for Advisers,MBA CSEA Reporting Category-Internship is No Recent Information Available,Auto_Data_CustomReports_119
Customreports_Baseline.sah,http://sahitest.com/demo/,"Baseline_All,Baseline_Custom-reports",Y,Georgetown Business,Appointment Report for Advisers,Seeking Employment,Auto_Data_CustomReports_120
Customreports_Baseline.sah,http://sahitest.com/demo/,"Baseline_All,Baseline_Custom-reports",Y,Georgetown Business,Appointment Report for Advisers,Signed Up Status is Signed Up,Auto_Data_CustomReports_121
Customreports_Baseline.sah,http://sahitest.com/demo/,"Baseline_All,Baseline_Custom-reports",Y,Georgetown Business,Appointment Report for Advisers,"Company Sponsored, Already Employed",Auto_Data_CustomReports_122
Customreports_Baseline.sah,http://sahitest.com/demo/,"Baseline_All,Baseline_Custom-reports",Y,Georgetown Business,Appointment Report for Advisers,Signed Up Status is All,Auto_Data_CustomReports_123
Customreports_Baseline.sah,http://sahitest.com/demo/,"Baseline_All,Baseline_Custom-reports",Y,Georgetown Business,Contact,Address,Auto_Data_CustomReports_124
Customreports_Baseline.sah,http://sahitest.com/demo/,"Baseline_All,Baseline_Custom-reports",Y,Georgetown Business,Contact,Fax,Auto_Data_CustomReports_125
Customreports_Baseline.sah,http://sahitest.com/demo/,"Baseline_All,Baseline_Custom-reports",Y,Georgetown Business,Contact,Primary Contact,Auto_Data_CustomReports_126
Customreports_Baseline.sah,http://sahitest.com/demo/,"Baseline_All,Baseline_Custom-reports",Y,Georgetown Business,Appointment Report for Advisers,Signed Up Status is Not Signed Up,Auto_Data_CustomReports_127
Customreports_Baseline.sah,http://sahitest.com/demo/,"Baseline_All,Baseline_Custom-reports",Y,Georgetown Business,Appointment Report for Advisers,Signed Up Status is Reporting Only,Auto_Data_CustomReports_128
Customreports_Baseline.sah,http://sahitest.com/demo/,"Baseline_All,Baseline_Custom-reports",Y,Georgetown Business,Appointment Report for Advisers,Extremely Engaged,Auto_Data_CustomReports_129
Customreports_Baseline.sah,http://sahitest.com/demo/,"Baseline_All,Baseline_Custom-reports",Y,Georgetown Business,Appointment Report for Advisers,Signed Up Status is Not Reporting Only,Auto_Data_CustomReports_130
Customreports_Baseline.sah,http://sahitest.com/demo/,"Baseline_All,Baseline_Custom-reports",Y,Georgetown Business,Student,I want to be included in Employer Candidate Search,Auto_Data_CustomReports_131
Customreports_Baseline.sah,http://sahitest.com/demo/,"Baseline_All,Baseline_Custom-reports",Y,Georgetown Business,Appointment Report for Advisers,Very Engaged,Auto_Data_CustomReports_132
Customreports_Baseline.sah,http://sahitest.com/demo/,"Baseline_All,Baseline_Custom-reports",Y,Georgetown Business,Appointment Report for Advisers,Placeability is 5,Auto_Data_CustomReports_133
Customreports_Baseline.sah,http://sahitest.com/demo/,"Baseline_All,Baseline_Custom-reports",Y,Georgetown Business,Appointment Report for Advisers,Engaged,Auto_Data_CustomReports_134
Customreports_Baseline.sah,http://sahitest.com/demo/,"Baseline_All,Baseline_Custom-reports",Y,Georgetown Business,Appointment Report for Advisers,Slightly Engaged,Auto_Data_CustomReports_135
Customreports_Baseline.sah,http://sahitest.com/demo/,"Baseline_All,Baseline_Custom-reports",Y,Georgetown Business,Appointment Report for Advisers,Placeability is 4,Auto_Data_CustomReports_136
Customreports_Baseline.sah,http://sahitest.com/demo/,"Baseline_All,Baseline_Custom-reports",Y,Georgetown Business,Appointment Report for Advisers,Not Engaged,Auto_Data_CustomReports_137
Customreports_Baseline.sah,http://sahitest.com/demo/,"Baseline_All,Baseline_Custom-reports",Y,Georgetown Business,Appointment Report for Advisers,Preferred Location is Off Campus,Auto_Data_CustomReports_138
Customreports_Baseline.sah,http://sahitest.com/demo/,"Baseline_All,Baseline_Custom-reports",Y,Georgetown Business,Appointment Report for Advisers,Activity Stream is All,Auto_Data_CustomReports_139
Customreports_Baseline.sah,http://sahitest.com/demo/,"Baseline_All,Baseline_Custom-reports",Y,Georgetown Business,Student,Exchange Student,Auto_Data_CustomReports_140
Customreports_Baseline.sah,http://sahitest.com/demo/,"Baseline_All,Baseline_Custom-reports",Y,Georgetown Business,Student,GMAT Score,Auto_Data_CustomReports_141
Customreports_Baseline.sah,http://sahitest.com/demo/,"Baseline_All,Baseline_Custom-reports",Y,Georgetown Business,Student,Joint Degree,Auto_Data_CustomReports_142
Customreports_Baseline.sah,http://sahitest.com/demo/,"Baseline_All,Baseline_Custom-reports",Y,Georgetown Business,Student,Joint Degree Type,Auto_Data_CustomReports_143
Customreports_Baseline.sah,http://sahitest.com/demo/,"Baseline_All,Baseline_Custom-reports",Y,Georgetown Business,Student,Section,Auto_Data_CustomReports_144
Customreports_Baseline.sah,http://sahitest.com/demo/,"Baseline_All,Baseline_Custom-reports",Y,Georgetown Business,Student,Country of Citizenship,Auto_Data_CustomReports_145
Customreports_Baseline.sah,http://sahitest.com/demo/,"Baseline_All,Baseline_Custom-reports",Y,Georgetown Business,Student,Email Address,Auto_Data_CustomReports_146
Customreports_Baseline.sah,http://sahitest.com/demo/,"Baseline_All,Baseline_Custom-reports",Y,Georgetown Business,Student,Graduation Term,Auto_Data_CustomReports_147
Customreports_Baseline.sah,http://sahitest.com/demo/,"Baseline_All,Baseline_Custom-reports",Y,Georgetown Business,Student,Unique Id,Auto_Data_CustomReports_148
Customreports_Baseline.sah,http://sahitest.com/demo/,"Baseline_All,Baseline_Custom-reports",Y,Georgetown Business,Student,US Work Authorization Status,Auto_Data_CustomReports_149
Customreports_Baseline.sah,http://sahitest.com/demo/,"Baseline_All,Baseline_Custom-reports",Y,Georgetown Business,Student,Work Authorization - Consolidated,Auto_Data_CustomReports_150
Customreports_Baseline.sah,http://sahitest.com/demo/,"Baseline_All,Baseline_Custom-reports",Y,Georgetown Business,Appointment Report for Students,Desired Country is United States,Auto_Data_CustomReports_151
Customreports_Baseline.sah,http://sahitest.com/demo/,"Baseline_All,Baseline_Custom-reports",Y,Georgetown Business,Student,Years of Experience,Auto_Data_CustomReports_152
Customreports_Baseline.sah,http://sahitest.com/demo/,"Baseline_All,Baseline_Custom-reports",Y,Georgetown Business,Student,Years of Experience - Consolidated,Auto_Data_CustomReports_153
Customreports_Baseline.sah,http://sahitest.com/demo/,"Baseline_All,Baseline_Custom-reports",Y,Georgetown Business,Appointment Report for Students,Desired Industry is Automotive,Auto_Data_CustomReports_154
Customreports_Baseline.sah,http://sahitest.com/demo/,"Baseline_All,Baseline_Custom-reports",Y,Georgetown Business,Appointment Report for Students,Graduation Year is 2012,Auto_Data_CustomReports_155
Customreports_Baseline.sah,http://sahitest.com/demo/,"Baseline_All,Baseline_Custom-reports",Y,Georgetown Business,Student,Activity Stream,Auto_Data_CustomReports_156
Customreports_Baseline.sah,http://sahitest.com/demo/,"Baseline_All,Baseline_Custom-reports",Y,Georgetown Business,Student,Assigned Adviser,Auto_Data_CustomReports_157
Customreports_Baseline.sah,http://sahitest.com/demo/,"Baseline_All,Baseline_Custom-reports",Y,Georgetown Business,Appointment Report for Students,Desired Industry is Real Estate,Auto_Data_CustomReports_158
Customreports_Baseline.sah,http://sahitest.com/demo/,"Baseline_All,Baseline_Custom-reports",Y,Georgetown Business,Appointment Report for Students,Desired Industry is Insurance,Auto_Data_CustomReports_159
Customreports_Baseline.sah,http://sahitest.com/demo/,"Baseline_All,Baseline_Custom-reports",Y,Georgetown Business,Student,Engagement,Auto_Data_CustomReports_160
Customreports_Baseline.sah,http://sahitest.com/demo/,"Baseline_All,Baseline_Custom-reports",Y,Georgetown Business,Student,Enrolled,Auto_Data_CustomReports_161
Customreports_Baseline.sah,http://sahitest.com/demo/,"Baseline_All,Baseline_Custom-reports",Y,Georgetown Business,Student,Last Login Date,Auto_Data_CustomReports_162
Customreports_Baseline.sah,http://sahitest.com/demo/,"Baseline_All,Baseline_Custom-reports",Y,Georgetown Business,Student,MBA CSEA Reporting Category - Internship,Auto_Data_CustomReports_163
Customreports_Baseline.sah,http://sahitest.com/demo/,"Baseline_All,Baseline_Custom-reports",Y,Georgetown Business,Student,MBA CSEA Reporting Category - Post Grad,Auto_Data_CustomReports_164
Customreports_Baseline.sah,http://sahitest.com/demo/,"Baseline_All,Baseline_Custom-reports",Y,Georgetown Business,Student,Post Graduation Intentions,Auto_Data_CustomReports_165
Customreports_Baseline.sah,http://sahitest.com/demo/,"Baseline_All,Baseline_Custom-reports",Y,Georgetown Business,Student,Outcome (Post Grad),Auto_Data_CustomReports_166
Customreports_Baseline.sah,http://sahitest.com/demo/,"Baseline_All,Baseline_Custom-reports",Y,Georgetown Business,Student,Outcome (Internship),Auto_Data_CustomReports_167
Customreports_Baseline.sah,http://sahitest.com/demo/,"Baseline_All,Baseline_Custom-reports",Y,Georgetown Business,Student,Desired City,Auto_Data_CustomReports_168
Customreports_Baseline.sah,http://sahitest.com/demo/,"Baseline_All,Baseline_Custom-reports",Y,Georgetown Business,Student,Desired Country,Auto_Data_CustomReports_169
Customreports_Baseline.sah,http://sahitest.com/demo/,"Baseline_All,Baseline_Custom-reports",Y,Georgetown Business,Appointment Report for Students,Desired Industry is Healthcare,Auto_Data_CustomReports_170
Customreports_Baseline.sah,http://sahitest.com/demo/,"Baseline_All,Baseline_Custom-reports",Y,Georgetown Business,Student,Desired Function,Auto_Data_CustomReports_171
Customreports_Baseline.sah,http://sahitest.com/demo/,"Baseline_All,Baseline_Custom-reports",Y,Georgetown Business,Appointment Report for Students,Desired Industry is Other,Auto_Data_CustomReports_172
Customreports_Baseline.sah,http://sahitest.com/demo/,"Baseline_All,Baseline_Custom-reports",Y,Georgetown Business,Appointment Report for Students,MBA GPA,Auto_Data_CustomReports_173
Customreports_Baseline.sah,http://sahitest.com/demo/,"Baseline_All,Baseline_Custom-reports",Y,Georgetown Business,Appointment Report for Students,US Work Auth is F1 Student,Auto_Data_CustomReports_174
Customreports_Baseline.sah,http://sahitest.com/demo/,"Baseline_All,Baseline_Custom-reports",Y,Georgetown Business,Appointment Report for Students,Desired Function is Consulting,Auto_Data_CustomReports_175
Customreports_Baseline.sah,http://sahitest.com/demo/,"Baseline_All,Baseline_Custom-reports",Y,Georgetown Business,Outcome,Include in Reporting,Auto_Data_CustomReports_176
Customreports_Baseline.sah,http://sahitest.com/demo/,"Baseline_All,Baseline_Custom-reports",Y,Georgetown Business,Outcome,Basic Outcome Info,Auto_Data_CustomReports_177
Customreports_Baseline.sah,http://sahitest.com/demo/,"Baseline_All,Baseline_Custom-reports",Y,Georgetown Business,Outcome,Detailed Function - Industry,Auto_Data_CustomReports_178
Customreports_Baseline.sah,http://sahitest.com/demo/,"Baseline_All,Baseline_Custom-reports",Y,Georgetown Business,Outcome,Employer,Auto_Data_CustomReports_179
Customreports_Baseline.sah,http://sahitest.com/demo/,"Baseline_All,Baseline_Custom-reports",Y,Georgetown Business,Outcome,Is Rumor Job,Auto_Data_CustomReports_180
Customreports_Baseline.sah,http://sahitest.com/demo/,"Baseline_All,Baseline_Custom-reports",Y,Georgetown Business,Outcome,Job Source,Auto_Data_CustomReports_181
Customreports_Baseline.sah,http://sahitest.com/demo/,"Baseline_All,Baseline_Custom-reports",Y,Georgetown Business,Outcome,Job Title,Auto_Data_CustomReports_182
Customreports_Baseline.sah,http://sahitest.com/demo/,"Baseline_All,Baseline_Custom-reports",Y,Georgetown Business,Appointment Report for Students,Preferred Location- On Campus,Auto_Data_CustomReports_183
Customreports_Baseline.sah,http://sahitest.com/demo/,"Baseline_All,Baseline_Custom-reports",Y,Georgetown Business,Appointment Report for Students,Preferred Location- Off Campus,Auto_Data_CustomReports_184
Customreports_Baseline.sah,http://sahitest.com/demo/,"Baseline_All,Baseline_Custom-reports",Y,Georgetown Business,Appointment Report for Students,Exchange Student is Yes,Auto_Data_CustomReports_185
Customreports_Baseline.sah,http://sahitest.com/demo/,"Baseline_All,Baseline_Custom-reports",Y,Georgetown Business,Appointment Report for Students,Preferred Location- Phone,Auto_Data_CustomReports_186
Customreports_Baseline.sah,http://sahitest.com/demo/,"Baseline_All,Baseline_Custom-reports",Y,Georgetown Business,Appointment Report for Students,Exchange Student is No,Auto_Data_CustomReports_187
Customreports_Baseline.sah,http://sahitest.com/demo/,"Baseline_All,Baseline_Custom-reports",Y,Georgetown Business,Appointment Report for Students,Preferred Location-Virtual Video,Auto_Data_CustomReports_188
Customreports_Baseline.sah,http://sahitest.com/demo/,"Baseline_All,Baseline_Custom-reports",Y,Georgetown Business,Appointment Report for Students,Joint Degree is Yes,Auto_Data_CustomReports_189
Customreports_Baseline.sah,http://sahitest.com/demo/,"Baseline_All,Baseline_Custom-reports",Y,Georgetown Business,Appointment Report for Students,Preferred Location-Other,Auto_Data_CustomReports_190
Customreports_Baseline.sah,http://sahitest.com/demo/,"Baseline_All,Baseline_Custom-reports",Y,Georgetown Business,Appointment Report for Students,Joint Degree is No,Auto_Data_CustomReports_191
Customreports_Baseline.sah,http://sahitest.com/demo/,"Baseline_All,Baseline_Custom-reports",Y,Georgetown Business,Appointment Report for Students,Enrolled is Yes,Auto_Data_CustomReports_192
Customreports_Baseline.sah,http://sahitest.com/demo/,"Baseline_All,Baseline_Custom-reports",Y,Georgetown Business,Outcome,Knowledge Source,Auto_Data_CustomReports_193
Customreports_Baseline.sah,http://sahitest.com/demo/,"Baseline_All,Baseline_Custom-reports",Y,Georgetown Business,Outcome,Compensation,Auto_Data_CustomReports_194
Customreports_Baseline.sah,http://sahitest.com/demo/,"Baseline_All,Baseline_Custom-reports",Y,Georgetown Business,Outcome,Compensation 2,Auto_Data_CustomReports_195
Customreports_Baseline.sah,http://sahitest.com/demo/,"Baseline_All,Baseline_Custom-reports",Y,Georgetown Business,Appointment Report for Students,Enrolled is No,Auto_Data_CustomReports_196
Customreports_Baseline.sah,http://sahitest.com/demo/,"Baseline_All,Baseline_Custom-reports",Y,Georgetown Business,Appointment Report for Students,Gender is Male,Auto_Data_CustomReports_197
Customreports_Baseline.sah,http://sahitest.com/demo/,"Baseline_All,Baseline_Custom-reports",Y,Georgetown Business,Outcome,Outcome Dates,Auto_Data_CustomReports_198
Customreports_Baseline.sah,http://sahitest.com/demo/,"Baseline_All,Baseline_Custom-reports",Y,Georgetown Business,Outcome,Rotational Program - University,Auto_Data_CustomReports_199
Customreports_Baseline.sah,http://sahitest.com/demo/,"Baseline_All,Baseline_Custom-reports",Y,Georgetown Business,Appointment Report for Students,Country of Citizenship is United States,Auto_Data_CustomReports_200
Customreports_Baseline.sah,http://sahitest.com/demo/,"Baseline_All,Baseline_Custom-reports",Y,Georgetown Business,Appointment Report for Students,Desired Function is Consulting,Auto_Data_CustomReports_201
Customreports_Baseline.sah,http://sahitest.com/demo/,"Baseline_All,Baseline_Custom-reports",Y,Georgetown Business,Outcome,City,Auto_Data_CustomReports_202
Customreports_Baseline.sah,http://sahitest.com/demo/,"Baseline_All,Baseline_Custom-reports",Y,Georgetown Business,Outcome,Detailed Function - Industry,Auto_Data_CustomReports_203
Customreports_Baseline.sah,http://sahitest.com/demo/,"Baseline_All,Baseline_Custom-reports",Y,Georgetown Business,Outcome,Employer,Auto_Data_CustomReports_204
Customreports_Baseline.sah,http://sahitest.com/demo/,"Baseline_All,Baseline_Custom-reports",Y,Georgetown Business,Outcome,Compensation Internship,Auto_Data_CustomReports_205
Customreports_Baseline.sah,http://sahitest.com/demo/,"Baseline_All,Baseline_Custom-reports",Y,Georgetown Business,Outcome,Desired Function is Consulting,Auto_Data_CustomReports_206
Customreports_Baseline.sah,http://sahitest.com/demo/,"Baseline_All,Baseline_Custom-reports",Y,Georgetown Business,Outcome,Outcome Dates,Auto_Data_CustomReports_207
Customreports_Baseline.sah,http://sahitest.com/demo/,"Baseline_All,Baseline_Custom-reports",Y,Georgetown Business,Outcome,Other Info,Auto_Data_CustomReports_208
Customreports_Baseline.sah,http://sahitest.com/demo/,"Baseline_All,Baseline_Custom-reports",Y,Georgetown Business,Attribute,25th % Base Salary,Auto_Data_CustomReports_209
Customreports_Baseline.sah,http://sahitest.com/demo/,"Baseline_All,Baseline_Custom-reports",Y,Georgetown Business,Attribute,75% Base Salary,Auto_Data_CustomReports_210
Customreports_Baseline.sah,http://sahitest.com/demo/,"Baseline_All,Baseline_Custom-reports",Y,Georgetown Business,Attribute,Mean Base Salary,Auto_Data_CustomReports_211
Customreports_Baseline.sah,http://sahitest.com/demo/,"Baseline_All,Baseline_Custom-reports",Y,Georgetown Business,Outcome,Knowledge Source,Auto_Data_CustomReports_212
Customreports_Baseline.sah,http://sahitest.com/demo/,"Baseline_All,Baseline_Custom-reports",Y,Georgetown Business,Attribute,Mean Other Guaranteed Compensation,Auto_Data_CustomReports_213
Customreports_Baseline.sah,http://sahitest.com/demo/,"Baseline_All,Baseline_Custom-reports",Y,Georgetown Business,Attribute,Low Other Guaranteed Compensation,Auto_Data_CustomReports_214
Customreports_Baseline.sah,http://sahitest.com/demo/,"Baseline_All,Baseline_Custom-reports",Y,Georgetown Business,Attribute,Accepting Internship,Auto_Data_CustomReports_215
Customreports_Baseline.sah,http://sahitest.com/demo/,"Baseline_All,Baseline_Custom-reports",Y,Georgetown Business,Attribute,Sponsored Job,Auto_Data_CustomReports_216
Customreports_Baseline.sah,http://sahitest.com/demo/,"Baseline_All,Baseline_Custom-reports",Y,Georgetown Business,Attribute,Own Venture,Auto_Data_CustomReports_217
Customreports_Baseline.sah,http://sahitest.com/demo/,"Baseline_All,Baseline_Custom-reports",Y,Georgetown Business,Attribute,Industry is Consulting,Auto_Data_CustomReports_218
Customreports_Baseline.sah,http://sahitest.com/demo/,"Baseline_All,Baseline_Custom-reports",Y,Georgetown Business,Attribute,Industry is Electronics,Auto_Data_CustomReports_219
Customreports_Baseline.sah,http://sahitest.com/demo/,"Baseline_All,Baseline_Custom-reports",Y,Georgetown Business,Attribute,Outcome Type is Job,Auto_Data_CustomReports_220
Customreports_Baseline.sah,http://sahitest.com/demo/,"Baseline_All,Baseline_Custom-reports",Y,Georgetown Business,Attribute,Is Rumor Job is Yes,Auto_Data_CustomReports_221
Customreports_Baseline.sah,http://sahitest.com/demo/,"Baseline_All,Baseline_Custom-reports",Y,Georgetown Business,Attribute,High Total Compensation,Auto_Data_CustomReports_222
Customreports_Baseline.sah,http://sahitest.com/demo/,"Baseline_All,Baseline_Custom-reports",Y,Georgetown Business,Attribute,Is Rumor Job is No,Auto_Data_CustomReports_223
Customreports_Baseline.sah,http://sahitest.com/demo/,"Baseline_All,Baseline_Custom-reports",Y,Georgetown Business,Attribute,Country is United States,Auto_Data_CustomReports_224
Customreports_Baseline.sah,http://sahitest.com/demo/,"Baseline_All,Baseline_Custom-reports",Y,Georgetown Business,Attribute,Offer Status is All,Auto_Data_CustomReports_225
Customreports_Baseline.sah,http://sahitest.com/demo/,"Baseline_All,Baseline_Custom-reports",Y,Georgetown Business,Attribute,Program is FTMBA,Auto_Data_CustomReports_226
Customreports_Baseline.sah,http://sahitest.com/demo/,"Baseline_All,Baseline_Custom-reports",Y,Georgetown Business,Attribute,Activity Stream is Student without Notes,Auto_Data_CustomReports_227
Customreports_Baseline.sah,http://sahitest.com/demo/,"Baseline_All,Baseline_Custom-reports",Y,Georgetown Business,Attribute,Industry is Financial Services,Auto_Data_CustomReports_228
Customreports_Baseline.sah,http://sahitest.com/demo/,"Baseline_All,Baseline_Custom-reports",Y,Georgetown Business,Attribute,Employer is Deloitte,Auto_Data_CustomReports_229
Customreports_Baseline.sah,http://sahitest.com/demo/,"Baseline_All,Baseline_Custom-reports",Y,Georgetown Business,Attribute,Employer is Accenture,Auto_Data_CustomReports_230
Customreports_Baseline.sah,http://sahitest.com/demo/,"Baseline_All,Baseline_Custom-reports",Y,Georgetown Business,Attribute,Metro Area is No Defined Metro Area,Auto_Data_CustomReports_231
Customreports_Baseline.sah,http://sahitest.com/demo/,"Baseline_All,Baseline_Custom-reports",Y,Georgetown Business,Attribute,Program is EMBA,Auto_Data_CustomReports_232
Customreports_Baseline.sah,http://sahitest.com/demo/,"Baseline_All,Baseline_Custom-reports",Y,Georgetown Business,Attribute,Joint Degree Type is MBA/JD,Auto_Data_CustomReports_233
